hour,moisture,temp,light,ph
0,68.01357976310571,18.255121747751506,5.580825844002754,6.601051528480653
1,66.3360327993747,18.5703447297125,0.0,6.453427024642974
2,62.919241543721576,19.296194130779767,16.328901619026546,6.347612400238414
3,61.371723607548326,18.041729914185574,29.31297537843108,6.477422369951347
4,63.231537856427764,20.31538641750368,2.4443833044535914,6.448456433790755
5,61.96037504282167,20.731368819755296,0.0,6.685227818450894
6,60.8046880041344,21.9955777101439,0.0,6.538934891325613
7,59.85102931478517,21.46754008130626,102.84580157329177,6.519686123586912
8,58.600083003074474,24.705408831158888,229.81829314269783,6.341670578646311
9,57.36809520034079,25.674124905721325,360.425756384643,6.323695984463726
10,57.309293770079066,26.17430038281244,450.89934849439453,6.575499779724473
11,55.89603159512234,25.616333404475302,489.5881817726055,6.597554512712236
12,54.88740144899903,25.67169335305096,523.594326894014,6.4101792060544325
13,53.67783385606348,26.666529623469895,490.19563364548685,6.435488024539487
14,53.91248306033006,25.73464661673241,500.4586269647528,6.407960919493262
15,53.071989110209685,24.589221244373498,355.38860612398383,6.301243108539911
16,51.13000618261008,22.80395690334853,234.21483342604157,6.5743711283771225
17,49.7445326698881,22.633870545542454,147.717564905302,6.532875110965969
18,48.763812753166064,22.140442635163865,0.0,6.567312550277397
19,48.810562648878935,19.793911861084222,5.922405541291521,6.526105527217989
20,45.648434470784274,20.27641435511101,0.0,6.4710863143530055
21,44.649533587714636,19.494813560705442,37.723718024210605,6.517457781283184
22,43.767353180823704,17.197094687270067,0.0,6.400741382059681
23,43.2906964434102,20.106890384831953,0.0,6.530154734233362
24,42.98562253550562,17.99409588004434,15.345936774128079,6.385020742250564
25,42.515034867219946,17.408786731007936,28.055886218721984,6.359814893720772
26,40.50086433792928,18.597414343729902,0.0,6.592316260834195
27,39.91399719261706,18.768792351960847,0.0,6.506856297480603
28,39.30516043458968,19.26824725499098,12.410964319234703,6.483906262313694
29,37.88438619810746,20.707074606625376,16.270344347393394,6.3769135683566045
30,37.931050522323346,24.031330173015466,0.0,6.479413328290449
31,36.79371755861845,23.66073447783193,104.67050833369873,6.367954338691573
32,36.18540272525935,24.97365663758409,254.52576538997747,6.5847401432576635
33,35.9692781469414,24.256945990325097,390.8688808161689,6.547383292091179
34,35.55181795231884,24.700503805568616,417.98911339894073,6.386957194687947
35,35.268702676445145,26.193928046705473,499.404116344424,6.6896792982653945
36,33.305156851900755,25.382575400405393,517.573470963818,6.476040549180619
37,32.1870201177814,27.02653056688213,477.66977647977507,6.772016916658962
38,30.52876150391723,26.245845615788213,433.8523031816198,6.486272818290218
39,78.98274637641205,25.420699779104382,344.5041459463804,6.577704979490361
40,77.65113369574311,24.68511903545878,254.28187488260406,6.375426122128801
41,76.84505386018334,24.445626158252665,134.02859701016317,6.419106310860964
42,75.41320872852508,21.0856237617355,7.155747206965727,6.556078452636823
43,73.25718489110302,22.070327502927473,18.102439199131183,6.4396095627515475
44,72.4621191827299,23.082185192523777,11.41781021386334,6.61355656401806
45,71.4924484636486,19.312517612895668,0.0,6.349923160679283
46,70.41310297597862,18.601397696371304,46.29317133347017,6.3132734807408255
47,69.21202991846044,18.200455664876376,0.0,6.466518275260527
48,67.47448294914567,18.54367819914774,0.0,6.521645858958197
49,69.31183718536953,19.611027701500152,27.268709819034086,6.582876597760487
50,65.81084251924938,18.68506183667779,0.0,6.585243333479623
51,64.10005202078698,20.50061425974033,0.0,6.468215309348942
52,65.11526336290348,20.323985368768763,0.0,6.591786194705477
53,64.0376943477007,22.28580460877351,0.0,6.684371579775185
54,64.55687450738615,21.433864427504975,8.876388562924568,6.577463405342933
55,63.56325853739928,22.289202855161218,103.51067306166318,6.489488149525359
56,64.26181819209295,22.855886897631493,241.1991102660603,6.513074057728609
57,63.44571447977332,26.70682466750645,361.6529007686843,6.590973817495982
58,62.98183974826536,24.983928113410716,434.4087435920197,6.461468640313824
59,59.64423252435174,26.888135914498246,470.66023958910756,6.7111317641616255
60,58.44683064000022,26.470653765187663,505.6198373547007,6.437730048017941
61,58.76063245872666,25.4920795062403,470.5181698464086,6.464451135908364
62,58.46349516879577,25.70994123183904,449.26994426899853,6.562962884192361
63,58.23319760668954,24.260324758404206,317.79995835463814,6.377942989571815
64,57.50388202711758,23.838245878052884,245.64637593545558,6.609877685198719
65,55.84509560655478,23.244574625188058,129.65245273272504,6.593093408397408
66,55.200591111742,21.751786594725235,6.483327049768904,6.486985694563232
67,55.66230160464441,21.81690548562745,0.0,6.455322648821009
68,55.991747932774565,20.63333015517035,12.482396341043103,6.562834550926428
69,54.701395251633954,19.164519238257167,0.0,6.6770431516566715
70,52.488193872083144,18.27878971153985,8.258629085512487,6.443627544719602
71,50.93667240186432,18.2993548768657,11.182184052290552,6.587254159143048
72,48.907239279725104,16.874028980498757,0.0,6.4786552848288155
73,45.59301642882553,19.39232251927786,0.0,6.499543717100971
74,44.94707434716949,17.87411363002039,10.386930284823446,6.653273891300258
75,42.039291826222865,18.496263344439615,0.0,6.545767645442884
76,40.80016176859267,20.010073920625437,1.9535219709766345,6.422699021614453
77,41.60662053054077,21.289705167629858,0.0,6.685996700648693
78,41.35138308717739,22.14667360459068,43.796058664353446,6.419170171464485
79,40.416277945942156,21.951229815995738,150.06153063161992,6.318986867500398
80,40.180299284754334,25.50093667137271,269.008476763721,6.44230963443376
81,39.73753112872992,26.009754025089894,367.55824966052216,6.486770055605754
82,39.5509073599508,25.08876109345399,398.75001131040176,6.635387237416541
83,38.3566281200236,26.086681733132803,433.91762111821953,6.409870618133533
84,37.58846474781108,26.037584475011794,490.99869057041514,6.56228499323475
85,49.11585246108612,26.292096753136438,504.17184942674356,6.654137099691818
86,34.743481790905875,24.865312385892512,464.0357414026698,6.5115674634292855
87,33.89329119270119,25.751023273888958,374.08498752431535,6.516608813250815
88,33.635184276073936,25.094905246025878,230.7015307883979,6.568605145999844
89,31.267939696721598,24.190747213995532,147.13079375618358,6.486292217895815
90,31.922041281794325,22.05927582433582,32.5723109114259,6.3619898541785105
91,30.544959314412644,21.60184816334698,0.0,6.333530680380499
92,73.51194909469106,18.8470433916032,0.0,6.492469634524488
93,73.24966761887725,18.419669046191927,0.0,6.394078647811105
94,73.90797181759272,18.28041037883532,0.0,6.45243286520314
95,72.8368455829538,17.50199842903385,0.0,6.396475767758062
96,72.18798586757231,16.17375800796736,0.0,6.504213408174193
97,70.18884996067068,18.307480623431104,0.0,6.4779030400466775
98,68.14623650861998,18.99950190610213,0.0,6.3771945980876374
99,65.6465224612304,20.265072289209428,32.899354270025675,6.475096396044362
100,65.96124135071864,19.209651323362767,0.5724111913565235,6.5968623156304425
101,64.80121027397256,20.200291467109576,0.0,6.5203463635867225
102,63.84506192046276,21.96176729810117,0.0,6.4345626653886985
103,64.70470620335742,23.740587985969643,129.25006972492804,6.647994413889003
104,66.49211531876237,24.811626154149838,241.18990882252947,6.658203818296378
105,64.98891676258205,23.722187339974724,372.0769415439066,6.690941664047013
106,64.16051096830041,25.565993997967478,425.7842451036797,6.476150663261595
107,62.85700925999426,25.474002998144517,471.1150346597568,6.413600923032019
108,59.68087614303729,26.547713761244136,507.80506537966284,6.491509116750417
109,57.73859768657498,26.46801628581688,492.9812568970218,6.402244475520145
110,58.3525421871297,26.759791339487602,451.6729446999864,6.423826508427218
111,56.90223928202966,23.384521444214577,321.00254183561054,6.504808494666138
112,54.763111924120466,24.63818905166291,227.21716542820232,6.526774266570326
113,53.130135714463485,23.073195117463214,112.20125524558148,6.461544445577017
114,51.964792065094336,22.608200875708288,22.126582096568914,6.577163814930134
115,48.3975088243592,20.327207615213535,11.5414425436108,6.479695461395701
116,47.23661870096184,20.07151513531652,9.760881587574987,6.65801340950752
117,46.23239258627878,18.842071302355837,0.0,6.4567441812180375
118,46.11160994131156,19.363835126526727,0.0,6.536077842467343
119,45.9356233226624,17.809836396426483,0.0,6.39919136890826
120,46.02453657766446,17.325164030203624,0.0,6.501605341864393
121,45.45436758557338,16.367388447637417,4.712291162171319,6.577086519388697
122,45.00266392498559,18.99104772443796,0.0,6.459962712683245
123,36.15077678596721,20.988127161497324,3.6373251011699033,6.524822058630034
124,42.59835528479536,19.346398848591285,30.19542624919247,6.540203448004692
125,42.259129592291515,20.55671070050612,0.0,6.402123628421769
126,40.534426284062484,21.557883381322394,19.277006374307234,6.597355744752012
127,39.806713554400886,24.536712830456537,113.93373856918892,6.375534529668858
128,39.29571004118032,24.668452318679922,232.18313315097842,6.267528033854759
129,38.12839532788833,23.92803588690749,402.4684301856103,6.5129221181975225
130,51.67890295296772,25.936321310387186,437.3499226318781,6.544211666531347
131,40.62193421616434,26.940039342080258,514.8266456773222,6.4488784323568815
132,39.09733953733912,26.624858614093164,550.7738220347497,6.552395266710779
133,38.04032893489,25.52219844919834,462.7208256393308,6.3345143328134235
134,36.77305376050569,25.96661362592229,458.41521282373367,6.418152578295761
135,35.561244468252276,23.62591276225171,348.63852931155486,6.472727643025233
136,35.36731580562366,23.87422888530844,271.609197380107,6.315509475970391
137,33.9661628271493,22.150055453416748,180.87671861625773,6.505921843401449
138,32.61654264452639,22.53942437499742,0.0,6.515503662359552
139,31.893101653646724,20.529984002682905,0.0,6.51064302276919
140,32.006156305992,17.8725189143605,0.0,6.375935992231243
141,30.603828380603435,18.87442018245718,0.0,6.422218331240913
142,72.0666909596189,19.553142460857572,14.433441280864702,6.387094822878277
143,71.64572619950187,18.03202057805396,10.009550388412645,6.394674127935501
144,70.667218020297,17.70014335396032,14.21919936406983,6.544426331148604
145,70.98339539840998,17.330625203398718,0.0,6.406264431777668
146,69.91319260213098,17.535007523754004,18.48054038413802,6.481509786355701
147,67.35424780944341,18.518528548009932,26.315330165643193,6.324689295306179
148,65.30575481612425,21.403835345587492,0.0,6.669645636829004
149,61.032607917012214,20.939957219080657,0.0,6.634604420746472
150,65.26844420732701,20.6318652858747,0.0,6.574326409402271
151,63.340640753496864,23.115930118213324,96.81766283173383,6.55518636553095
152,63.31561838830672,24.378077985930435,255.12059468627749,6.598269098394551
153,61.2113436363097,25.23666423641205,350.39136079186983,6.580659324791369
154,59.703386530364526,25.48497445530642,443.36588230160174,6.427425618684653
155,57.68622289528056,26.32852091304906,452.48260830999357,6.420156095258295
156,55.85467692583828,26.84291343728627,481.01202222336116,6.763238206483739
157,54.786326567423345,26.006932742395446,495.11425043116134,6.348082001701382
158,56.79498529220789,25.387253695358034,455.99816841793285,6.429682357487411
159,56.36823245780217,24.560545306845302,393.0539376658894,6.495273534737099
160,56.1411570546539,23.550026579284587,262.6481547811104,6.597255444962673
161,53.6061449885529,23.950584342503216,103.02256476851241,6.477375478099132
162,52.9444418921805,22.488468596227058,11.195808958620857,6.608078072555462
163,51.2984210191262,21.47107712662469,0.0,6.494209509266222
164,50.24037123026214,20.166150149730488,5.431576743907469,6.372325142417969
165,49.27152266419119,19.00095497448118,22.581388750702853,6.491958422629101
166,48.865257071632115,18.123062602288346,1.9224155388196673,6.453772471129496
167,47.092763360117274,19.158638158234258,0.0,6.513498472081968
168,47.7244509066404,18.15724382120926,20.636890789372696,6.351443962696303
169,44.98900958697869,18.60469946353059,14.267991804108915,6.504701721312374
170,43.17293790110465,19.66337633701071,45.977962472385,6.463716143956034
171,40.11744046178509,17.764693675258492,0.0,6.5793657941980355
172,38.16251583761942,19.26507844281264,0.0,6.423220243489587
173,35.68674434687549,19.998807154272818,0.0,6.5682623236457145
174,35.221105561401856,21.828808924619594,0.0,6.567481949216661
175,35.27479708657478,24.332163026640256,98.01031579811352,6.507396296407356
176,33.97512852814451,23.555618304671796,237.25225745386962,6.618901653110755
177,33.04388658320455,23.889570959136492,369.47152069022326,6.60485309385076
178,31.83776763258372,25.97044706934216,437.07116230924527,6.348425588500277
179,29.904717619158678,25.995461567105988,475.71221264254694,6.558380037615629
180,78.874720300824,26.86688772312438,482.9888708267561,6.5104735298638134
181,76.58694785973877,25.27895927320274,482.30037368705825,6.679455786351779
182,76.70066267467766,24.615440178470475,363.3965253170177,6.4129776757856485
183,75.11881544749993,25.66375582640145,367.1912203858,6.684670732573603
184,74.59180991501556,24.244443456301806,268.65993285301136,6.542168492391226
185,74.04499789525312,23.441095405295922,150.7430163430436,6.616929559044567
186,72.27719519213426,22.384449685928598,0.0,6.416644101272073
187,71.40236024471555,20.650052769728028,0.5748964586963498,6.62784518626073
188,71.71372706887477,18.808485552280555,0.49284196857168455,6.508995614812679
189,71.59940766895168,20.90217665389818,0.0,6.521915032766394
190,70.8764021212465,18.57426162508873,24.179638882129314,6.355850575193639
191,68.99794040118596,18.29156868916237,21.472634997195442,6.397348470058894
192,66.62063089873648,18.772011968850585,0.0,6.512780269736679
193,64.69017224531251,18.43806619489534,31.310480584686808,6.493424973892701
194,61.80588331676725,18.210704083505238,0.0,6.482225967851259
195,59.4898409508866,19.73825803309329,4.876014275423977,6.443592136926327
196,58.1129169581499,19.082433097013247,0.0,6.563326750230358
197,55.44886583956108,20.41119736368492,0.0,6.524333944932269
198,53.3438947054707,21.464703135109886,1.484124276003107,6.477059739726965
199,52.39321718335437,23.929112845680585,136.26402947881445,6.545675321915378
200,51.582224364532465,24.486011461719603,231.11262444913893,6.532324576290898
201,48.95932295267039,25.395630130817,351.7586767075292,6.644011721544947
202,51.00388910412,24.858182001619106,405.8472779577522,6.468390213156347
203,50.14039897228935,25.31886197917637,499.77578412430864,6.434737602069761
204,49.053138173569394,25.979688762892412,496.5393024260616,6.431184030989972
205,46.48929651536655,26.472035030071712,498.67891631755083,6.542545756178496
206,45.18526854937507,25.007297839426094,427.74626383994007,6.459671049802688
207,43.695003417017354,23.901735373392157,383.6213566286168,6.587736229057567
208,41.75903606555626,24.030128186534352,244.6162773663722,6.491386155451663
209,40.17883755850632,22.81039594610132,165.36325308825099,6.564084286126701
210,38.384788043033225,21.644013342900912,5.510211246965123,6.420145468439382
211,29.94982345214276,20.447174397425457,13.964466272271798,6.539348538542175
212,35.444392480264,20.87120798542782,2.2906673243092794,6.5950145470998836
213,36.20235558292677,18.620222620782158,34.71927606330499,6.519791078346265
214,34.58914935402602,18.11245979482527,12.373730956958113,6.61293244375395
215,35.31849680767359,18.48535563058295,0.7600695633640058,6.512003132671826
216,34.116698640550325,18.169275976304316,21.820922043293347,6.48892665709193
217,32.40634310848465,19.39548610547575,0.0,6.353562511979018
218,29.35688668335312,20.137288066886356,0.0,6.678082921296665
219,76.87757567962689,18.71335813561499,16.00996483531945,6.517927460442668
220,77.64345384034712,21.10407308331796,0.0,6.539580353343741
221,76.75142900327099,20.731531836395124,0.0,6.4949577148278514
222,76.15237781264682,19.72116590349594,22.97531400744207,6.32602862212219
223,75.8631339956391,22.96580035870593,145.55538504748205,6.3754233940900304
224,74.5702427301025,24.277203105384572,249.0615884224163,6.547704082722312
225,79.6042723595254,25.031766238543153,348.3683817416693,6.623368692137603
226,72.49108026212274,26.144279008828548,426.0396592040621,6.465074229568157
227,72.80148784517424,26.841704037065778,507.25309885064115,6.491047738975209
228,72.52610114625602,26.19103132722121,494.81915708358594,6.480365015091502
229,71.80473665302485,25.313668544084603,480.3445936891392,6.396504513546787
230,70.44949682581303,23.86554106751207,451.339255386269,6.534648847589799
231,67.39383810872725,27.17862940248041,336.1307153125234,6.540339002335408
232,67.97204733559208,23.168075258299574,262.25547810125136,6.394658443682634
233,66.77870444207974,22.514705350534012,150.8712694594668,6.483603912039808
234,66.97162238332112,22.396545510378083,3.00837810287159,6.536496100246622
235,66.93741314842683,21.210820423950757,0.0,6.506749853587501
236,66.61199038587783,20.949624244448305,12.774604440583692,6.385699508726952
237,64.9464976578068,19.408875530994752,20.10285146556036,6.474761995653555
238,65.27782344280718,18.89872582607343,0.0,6.596408716828836
239,65.49771040889395,18.59225693911683,14.429325475701484,6.56353969322149
240,64.4120715070485,18.100461162777233,0.0,6.501557904758147
241,62.30946309371185,16.821304122373277,0.0,6.655256181548964
242,62.79047222185534,17.477426550136247,32.840303202727384,6.600981708934263
243,57.353221649334266,18.62517901097291,1.1828424454484483,6.612611702601538
244,54.98446730494094,18.683681002434486,20.451408640192806,6.743975240633928
245,54.55653528766425,21.425098753585463,0.0,6.539208452970087
246,52.37553615400127,21.775459938506582,0.0,6.490166037320525
247,52.56156398397365,22.541318890442806,91.16745932956317,6.53968386658488
248,50.46160206409239,24.75261695039057,230.35025212923378,6.477536685000297
249,48.811253104243946,25.269256966540222,390.48592060988324,6.522228271745829
250,46.61138244761753,25.816481405506075,432.6199459136857,6.555248995441715
251,44.72642664264821,25.914654020077567,492.40213980946635,6.51392154086449
252,43.67367489282758,26.032473352963105,485.9601662438649,6.433709908244905
253,43.7121136322403,25.622980089667188,477.4564486744256,6.575137598707594
254,42.256835807696625,26.180041116693307,427.1137083263788,6.624774207267373
255,41.32876337011105,24.202813015220105,398.00730317597527,6.376217905591289
256,41.29452604329828,24.3310392779612,246.2942468224458,6.487017930026657
257,41.99547189487809,24.33399343024932,98.67056335073411,6.5267751224364465
258,41.01628385062132,24.063767470123455,0.0,6.663911680544407
259,41.06446818915781,21.8479631287766,6.053706979919717,6.44658516503119
260,39.60695353116391,19.837135711918112,0.0,6.398524326930714
261,38.293733049374204,19.013544694696236,0.0,6.50334587709923
262,37.227162453342586,17.291181867899343,6.617604644289141,6.583352896160893
263,35.021601409929936,17.14952221381964,13.899958015537496,6.694654283751476
264,33.085939043932285,17.955384737873835,11.166538250434447,6.507600539141241
265,31.41994371293692,18.639827562753155,0.0,6.508127684276703
266,29.734042834088967,19.524772925030597,21.82620241188538,6.560913812090718
267,67.42731846315922,18.918446115497968,24.261953999583667,6.51417169136399
268,65.65718124525804,20.180274202951253,0.0,6.536167658542365
269,65.03922229169412,21.730085673025584,0.0,6.3668767046442225
270,64.53876594913672,22.566471297485343,0.0,6.339898070229824
271,63.98014201316285,25.029675794356315,129.2881043204625,6.583849077445164
272,62.10314211639241,24.371177826338766,241.22825587485406,6.616630274723679
273,60.84669344000346,25.085785369703004,340.1915815204128,6.599204234953652
274,59.590244763614514,25.181688769757304,412.28118356509333,6.631306851558872
275,58.333796087225565,26.243461891460235,482.4623739696313,6.581776629920029
276,57.077347410836616,26.423754506324354,449.4856273279502,6.506395678691093
277,55.82146121651509,25.714126262767916,484.0959116424763,6.552969275435673
278,52.55323014786765,24.946877998183805,375.24727778836484,6.52932693141335
279,50.737870720764796,25.308370108743155,384.1684072401477,6.621876185169731
280,49.3971791126732,23.949874435038044,238.72701945147313,6.458906884370082
281,43.41786276722758,22.79330043121958,121.64598618043595,6.5170416222375485
282,45.61867075517559,22.729948199407332,9.990539701908228,6.728868206879767
283,43.3257086728698,20.784911498075772,0.0,6.319801956241998
284,42.876814287028964,20.60975872063377,0.0,6.482568629496525
285,41.34922568714116,19.48501607957585,0.0,6.518335991977915
286,39.84299867945507,18.511147187137748,0.0,6.706055861661605
287,38.471337057205524,17.38968232758517,0.0,6.41151972859731
288,34.93128299027301,17.64404339190026,0.0,6.2723626491408
289,32.97719370777604,18.968220444760586,0.0,6.682600971354693
290,32.134180426720896,19.272978067251444,28.211360100103175,6.6214479133907345
291,32.040803975413155,20.420781832635292,0.6400829813153325,6.424658212965381
292,31.479281671994126,21.377702884547976,0.0,6.509004283765329
293,30.529168104636213,21.112468064281845,0.0,6.402838596148935
294,75.5728919850358,22.42932220202183,23.714083093259937,6.571895331066506
295,75.4149766574944,24.08420328946457,104.35774230395046,6.449753751308938
296,76.12178438118406,24.444984007520528,259.11775544163214,6.716500234490108
297,77.03545184783353,26.267844384761393,368.4694156144819,6.559342917319361
298,75.51402051095914,24.79273388126655,412.11651801179863,6.3033643410624
299,75.15405809413195,25.981862765337695,473.28669051371224,6.466854370227536
300,74.76399430208112,26.652589770031437,517.209469767195,6.4416922561431065
301,74.24018700907605,25.212787020308536,507.23754189905105,6.485995714805776
302,73.67457760058186,26.402880701126012,436.6331330662935,6.370316805204415
303,72.09553611102197,24.75971252497196,369.8071791061537,6.557791051379151
304,72.62030781614494,24.01701726138885,256.17666025197923,6.670221494463524
305,69.63078373777071,23.098019699625,165.63702312456016,6.562354885690164
306,69.54721357599264,22.538545081015968,0.0,6.377570176371063
307,69.86633647186065,20.223353337596173,25.759649476038767,6.457718803891446
308,70.83220534158316,20.315737223858385,0.0,6.544460266822014
309,70.25480383764014,20.335421391247205,0.0,6.389369181877166
310,70.32829714513547,18.237631863188835,34.5392770246681,6.46003638143854
311,67.24325216486675,19.302053302808723,33.62184629860975,6.424909445021989
312,65.21437758669236,19.010067282741744,0.0,6.755819928566825
313,64.19850108361061,17.585946784872664,37.22631194472789,6.688661464608941
314,64.11907594282562,19.009919944223192,15.567221523332755,6.444881428367147
315,64.23672231392753,18.65216041279307,18.956516056744324,6.568203445004393
316,62.07776414335242,19.845072432576224,0.0,6.313346338292694
317,61.82781081778521,19.872354201836174,3.7969567242492857,6.557675806619307
318,61.577857492218016,22.465678162774893,0.0,6.404056076327652
319,61.32790416665081,21.485386327228916,104.34255868882266,6.534864434433422
320,61.077950841083606,22.585248507549718,256.4633542836956,6.485239741370133
321,61.68016601589214,24.672470958003025,346.17678600142295,6.540177128255857
322,59.20760587038614,23.166291844512433,432.46240379120655,6.677225159666975
323,59.17093215468342,26.48619065405709,490.0584827879382,6.390213764165078
324,59.301658350790426,26.981546579107444,497.99691847040094,6.479632624982304
325,58.89497512147604,25.686812828925472,466.1572845313916,6.407716981027317
326,59.1282654280176,25.2472027343037,432.5853560052506,6.425278832085217
327,58.69629611552383,23.923606011552636,318.2967409164199,6.397335926526427
328,57.36345348706143,24.41275137416328,218.74908286226912,6.447094732265371
329,55.022233004784674,23.488920594320565,102.74637633818742,6.741479099865863
330,51.93509585924763,22.931791483565735,0.0,6.418974756298562
331,51.60198103049068,23.095269699685776,0.0,6.515231551357663
332,49.566555712612185,20.0689151064371,0.0,6.2078649516505395
333,48.45240095339503,20.779580306693813,35.39724841353932,6.39656271720764
334,47.42776279166353,17.953496031878938,0.0,6.637487641914818
335,46.24732135021321,18.61827846239531,0.0,6.448956394757303
336,45.53977660133651,19.299742766775648,6.461585462320581,6.474764649787371
337,43.79972134218038,18.54542909558769,6.349438694621803,6.496808150535664
338,43.410818643017556,18.473628627252005,0.0,6.819310756784486
339,43.84373369879553,19.575912149827168,26.18945792701426,6.443185767016566
340,42.49252745543249,18.849377617346107,18.38457869150407,6.433185591446101
341,42.603079824258316,21.394118717999888,15.307804283408675,6.480817854179336
342,42.05478377430665,21.3229146760073,0.0,6.602996081758116
343,40.43205767928947,23.422016570901764,118.47937466108529,6.4484282930067
344,38.08294538993225,24.33887925247477,291.25049838486285,6.393246708574573
345,37.69100226880883,25.02141763487047,363.9792964051889,6.500581055854245
346,35.71084776138685,25.80674729290387,429.26981659212834,6.5985729995679865
347,35.081338847145076,25.650171535544818,518.8213649711516,6.522395527808974
348,33.88546509570461,25.71746696575145,506.7696768692338,6.470459858986097
349,37.297155017844744,26.144331445760123,476.8896826670543,6.30447235736899
350,30.930785943923077,24.977844025462208,458.95259282344153,6.497713193770112
351,30.641395071114218,24.156522407537604,342.24769506529213,6.458929134089758
352,72.51885578420105,25.005647965351276,219.63102112070516,6.624385293258632
353,71.5811383214529,23.01591969529735,111.33548533665797,6.53243592817216
354,71.59963490370548,21.102895489540174,0.0,6.552426467764317
355,71.13389107591979,19.887940075392518,2.5275915909282363,6.693892899905828
356,71.35726300991945,18.946600922542356,14.4722117445775,6.5667460781639315
357,70.60209676337196,18.97856675155898,13.451474024054626,6.689988193489522
358,68.28622874002616,16.714305418835806,2.8165685305549975,6.610059760676131
359,66.87050000510182,18.063870069000398,6.639606611380291,6.519049967977907
360,65.6552404427507,18.600469483068622,3.9195006772920533,6.531697941777341
361,63.41489496386467,19.00508238778375,0.0,6.580805779828115
362,62.38165560811738,18.01928130435299,0.0,6.509186474564849
363,61.620342173970805,18.929029048986386,15.998838038841,6.338368939156341
364,61.8732149623711,19.308839022863356,8.566259249469926,6.589913571368749
365,60.675544173726244,20.829666441037908,1.4010432622636277,6.616187830260819
366,60.45943364059768,22.93080701436399,5.303110545977749,6.5641930534961554
367,59.31972845787967,23.836113054463794,75.34487669127563,6.5677875319530905
368,59.97683792257663,23.718389540117222,267.71606275203436,6.523000952376283
369,60.64573616618608,25.88035868761343,386.35268118070167,6.574212749107189
370,58.94280471198223,25.488230873165854,427.88094328857585,6.259724606510031
371,57.91378525922124,26.304891605988647,483.8349620719833,6.6695051040430755
372,56.6741511758426,25.852514679426324,491.2082257793645,6.279224908361743
373,55.69920020582296,25.30976652125719,454.8365638710975,6.4916894427371306
374,53.69408751165878,24.92857345927171,428.91400113595444,6.500686825493903
375,52.87721440195969,24.226702000273725,359.93688080165737,6.634045044602314
376,52.2418973787665,23.855608168854694,234.416966961434,6.480566845457967
377,50.805776926982084,22.39845549496729,150.92966532323248,6.502131164867194
378,49.41311849443922,21.47768258207075,0.0,6.31420079583756
379,48.76922407018515,21.371703838173865,0.0,6.589503831407612
380,47.59030135062141,19.508181707874467,0.0,6.534281516240262
381,44.55464706624713,18.596250219859876,0.0,6.401282047284882
382,43.81539310946798,18.40125179769259,24.52810287740768,6.615709638546396
383,42.85488498634586,18.151376393199605,14.164288465131143,6.52332161312635
384,53.55070489693294,18.509277060657464,1.1670200857095498,6.425521579327348
385,41.448482966152454,17.969803209025695,0.0,6.311815095450236
386,38.41189285332716,19.12201787344551,17.109200173652898,6.628732439015214
387,36.42006118049345,20.591821589341418,0.0,6.591915417361
388,35.34797809522126,21.146737935860134,10.561367354924698,6.548869195270922
389,33.856107016089425,21.61337043811774,15.86977441104426,6.325146802676182
390,34.570581085537526,22.623653381792305,0.0,6.648202249361579
391,32.79801621535284,22.863339356179093,123.24883686754555,6.577966053226934
392,32.193134988614226,23.870924630678566,221.74663163657942,6.621331640918564
393,29.937984907545623,24.18373107154924,372.85042325522295,6.661558282354823
394,68.24198255686593,25.688230542193438,416.8206314937864,6.542406104446409
395,67.26188540744992,25.483139094171317,480.9203443438342,6.540925838759724
396,66.63452643566967,25.7039911760943,494.82407874665796,6.659864717050472
397,65.75184759278002,26.046889245205136,487.75444395179835,6.590392275073685
398,64.31783808903431,25.822275155785977,401.5951788508494,6.387323253109019
399,63.45973069379172,23.884192773074275,385.0096834116174,6.525045240772778
400,60.32502299770139,23.56586096021278,234.2443249618352,6.437915240174888
401,58.505920581847256,22.34324479933089,130.6318347386083,6.549395187199372
402,56.585900517076944,22.19139749128892,41.48165339499953,6.4080615408413575
403,55.88886444728451,21.684295796508515,39.213825443220934,6.612735824317475
404,62.039397501746585,19.915241316556692,52.886866940340695,6.349702967160485
405,54.26037844463816,20.58686623546444,0.0,6.528012138896945
406,53.5877396719448,18.240210116027338,7.542007878043729,6.497073718631502
407,52.859605623385214,18.97301406724042,0.0,6.415725740998506
408,51.56072123825563,19.099550474536652,0.0,6.813774853366
409,51.677398469010775,17.866778434376933,8.293970574617736,6.649191964634527
410,50.02401290509152,18.41487975793944,0.0,6.613377009686706
411,48.54178972549076,19.974426123400438,46.66488808570602,6.519228267439904
412,47.096698362314775,19.689185237528893,22.48225439972027,6.594752646212286
413,45.49420542692489,20.367061356148604,22.907783770947056,6.446844306275694
414,45.66857059988642,22.410468336077834,14.501915736959942,6.551617828711496
415,44.849474279030986,22.56020405061277,143.35157966942583,6.618245382660531
416,43.93480655377698,24.856120190653144,249.46957481501877,6.411812534877228
417,41.71689057988006,23.522380402352518,349.7324367943332,6.445156032817301
418,39.21227781413496,25.634736581036105,433.0368113994638,6.418291136893181
419,37.73855179501882,25.929713464614824,479.7356256843436,6.429042770704678
420,36.17411895118359,25.248077519112908,516.589496838635,6.48061738612272
421,33.81183020750483,25.757689961522757,484.5408350765044,6.502313872309816
422,34.068995707300104,24.417045295842463,372.62245877580284,6.518384954475369
423,32.334217037574085,24.979701119817435,331.44632424221794,6.578218260795576
424,31.596622174423715,24.4043761273333,271.20419814997757,6.775966003891107
425,30.21494334435408,23.74720924646222,92.74269926113186,6.497191613440702
426,73.81717542115447,22.012303185097686,19.101927588829586,6.396713077141294
427,74.07958406420023,20.2710196470212,0.0,6.469627397122333
428,73.94803494261672,19.609442402214203,20.548430706775477,6.433627962302029
429,73.40706075997396,19.061675444534295,7.809296998577792,6.48967782470675
430,72.75222362866738,20.12125182998227,31.375572082056976,6.3671903737566256
431,72.51376402162421,19.1252012722887,1.7731518192287488,6.51973157074056
432,71.91901475655384,17.772253571461935,0.0,6.513977696976624
433,71.05949224950945,18.617262093987016,0.0,6.2703819046862765
434,68.94604526843464,17.402700276798672,24.70243643897056,6.467990801905561
435,68.21790441135815,18.26050638102919,20.782235748405373,6.492423571346454
436,68.47310506355856,21.28180258048553,0.0,6.458203649616135
437,66.45180222180659,21.86507164712173,0.0,6.664267295325597
438,65.43088831666586,21.881421697926584,0.0,6.3587464236579
439,64.91371553998123,22.233526215784906,144.2260094596629,6.448678643352841
440,62.873703061092826,23.092947523930494,245.6392824360356,6.23611914997401
441,64.38202873545087,25.456110555064612,353.1681829985859,6.473710917079173
442,64.93643745839653,25.637155120392553,454.0849498770925,6.427653719112971
443,64.10199171533013,25.879396631311465,496.4201378638706,6.559181413374138
444,64.46263793534703,25.406216383846694,456.76879333361614,6.525557365371237
445,63.75565948167721,25.90441346664109,486.42974643194236,6.52439531979085
446,60.20178709899093,24.715070709212334,425.0961262775861,6.4820375999764765
447,59.370296975348175,23.513876075822857,350.0363025046324,6.666147016572802
448,59.34954335896216,24.041301101368965,245.8854481834405,6.434998333132954
449,58.24896571063146,22.781104103005095,155.04239845133588,6.555769106072512
450,57.4963746690243,21.70433157686629,0.0,6.657810680791151
451,55.511386862277895,19.958661532458223,0.0,6.546635837444634
452,54.871463594932585,20.495941065916643,0.0,6.4844178525670895
453,51.805868446757756,19.319365338370392,40.47212438459279,6.500679984456
454,52.07115757082395,18.04178909734685,43.752997491000386,6.310552693116303
455,49.714384416164336,17.922974831456195,0.0,6.558855326977072
456,48.301718886632685,18.265475090606813,0.0,6.338263704989143
457,47.39786411886429,17.606710952606438,8.517744123860716,6.501914777741575
458,46.0556640932275,17.54123924213737,0.0,6.583085232427937
459,43.9586125328606,19.549497897558112,29.6823205707193,6.535561334878566
460,43.57820524878113,19.834017981852902,12.572504656824329,6.37306047933844
461,43.73846244041122,20.603051553323454,0.0,6.526587822965205
462,42.790011325890156,21.610736087460953,0.0,6.533899368530925
463,42.74531835848093,22.8902968418356,116.42206178483187,6.632130403227301
464,42.10037208882765,24.12032435054093,252.01040189016322,6.558773165247994
465,40.55862110376714,25.460927604076407,314.15131423903705,6.589259733829931
466,38.69190891101882,24.98593400415128,402.48728195777505,6.503257557740856
467,37.74594263476638,26.412758070721637,485.0808022068389,6.558441298047248
468,37.35855924149926,28.107377634919967,483.89781520227416,6.595788222817697
469,36.31638845912192,26.601023394695844,480.4119307369835,6.651115493024735
470,35.72787666071845,24.40369368579183,421.99827797830915,6.397378036125497
471,31.768632602471385,24.987585642183387,362.28816162794396,6.54042947549617
472,31.97348885809571,24.59247269448244,230.95642386521297,6.5422655065501605
473,28.819018190572137,23.290997641145264,119.3259259311071,6.491847732689836
474,75.80749317857631,22.027321933990418,0.0,6.3914174871114815
475,76.29445008621059,21.621168154795015,0.0,6.613362347185905
476,76.68562858361754,19.215067575088256,0.0,6.54620608932519
477,77.27441945049772,17.795490834495556,0.0,6.52285765275179
478,75.39947808483728,18.953909669074854,8.367964417773674,6.640159859294643
479,72.35879175872213,18.770644577638212,19.407867796937023,6.5803365048821165
480,73.75194328443963,20.48793484480429,12.134461182723655,6.481680338127961
481,73.50637902430726,18.93272267011019,16.321456867876957,6.492578902145061
482,72.97770784910844,18.873167673353812,16.778810009392245,6.438274681345308
483,70.98335060185089,18.193803428315473,21.164140938878152,6.593756012220476
484,69.91568178861927,20.53499332447401,0.0,6.4612900297525595
485,67.91698194354997,22.12026013011287,0.0,6.545479516964238
486,68.0723917020738,22.460164012885254,10.013314427624193,6.504977368718096
487,69.33994616371557,23.067225298181835,124.65065160431888,6.526902406813753
488,65.88659976208064,24.877722169402958,240.4232508798319,6.413722423595688
489,65.47312824525733,25.47631339805581,340.56555671839885,6.577209478897529
490,65.56019813103673,25.67310204012484,425.62715910729526,6.514338846734225
491,63.50886753435347,24.98226874682036,507.9585271726063,6.348490465704435
492,57.30953217834876,27.2269821679332,489.28397073895405,6.3292642042407055
493,60.427872452605385,25.733046659329155,493.7840484143869,6.484651572104414
494,60.40353687120929,26.622900999052096,425.81732897643764,6.3673952313917965
495,58.85833220105241,24.40599752646383,343.4118782828037,6.333154844808895
496,57.41076045552182,23.393203732239943,245.39198571588463,6.4075766855731695
497,55.53011816773865,24.39649303674667,107.24437331494079,6.3338756837293575
498,54.68240393478965,20.840283824241176,0.0,6.399604262791851
499,53.613226090268675,21.281472360091335,0.0,6.5185692589741056
500,61.832444264448746,21.07236884143228,0.0,6.582973241787918
501,55.36941190751143,19.982513467688904,0.0,6.5926062377811965
502,55.61597712059086,18.753094633522764,11.029525504790465,6.5340589216400495
503,56.577661584580156,18.716075781159134,0.0,6.669538845845197
504,54.53115919033313,18.411403804814267,11.441148834282881,6.493780898300069
505,53.24674054516547,18.47265867664177,0.0,6.485907208572238
506,51.86688359981758,19.19673612201545,0.0,6.339342289926132
507,50.65924332607941,19.10216827481465,31.364795178393024,6.629036812219467
508,49.414246475547195,20.210789772264846,5.884482580269874,6.476559219968368
509,47.47691848922457,20.268310134911765,34.1002829441406,6.469919668778307
510,45.790133523137094,22.1915236004283,9.993702206058677,6.547200227091928
511,42.95700345467356,23.200696004277617,157.74993081089292,6.568133950318561
512,40.955799957140954,24.03035026835808,263.66657985622135,6.479068618042064
513,38.15355695157527,25.056322039538525,369.760290904,6.473035837470314
514,36.75622753020367,26.626710145794583,406.24058589775433,6.569291862303161
515,33.935400248643454,24.235278630901977,493.7293935924727,6.51842479139441
516,32.82183676612625,26.68767030958384,492.2573870042097,6.495458878206776
517,31.330404062153264,25.866977711296638,498.8263004803961,6.498346424975238
518,39.58608957217227,26.619007217912806,407.8825640066342,6.581320518674798
519,68.19731111012011,25.100468160401302,364.9656505376644,6.5968184660532865
520,66.57906534797158,23.106340686030602,251.99211513042877,6.334024441452193
521,64.19243716688388,21.977309815015225,139.04684378563036,6.554726479737797
522,62.239103117204216,20.909301900223074,14.152728474169813,6.5009038186512305
523,60.63298405348671,20.283598672181665,3.5042283781702412,6.798525900260341
524,60.3567946840336,20.677597670151567,3.4963553761755533,6.516465515535857
525,61.1649823951974,18.26686212699308,9.472641536229089,6.407361887001846
526,59.44871157007035,19.13095094366261,2.2420989364903416,6.674463917325868
527,58.57981418412491,17.129492766303457,0.0,6.469151721154418
528,57.71091679817947,18.479887439868516,0.0,6.440707346695198
529,56.84201941223403,19.807050913139665,0.0,6.312007561486095
530,55.97312202628859,19.38007346592708,0.008909883750902332,6.370283137811512
531,55.38898510409758,19.91098898688407,0.0,6.508568716140336
532,53.947616219854446,19.36844371180721,8.66979434897045,6.419393244125019
533,54.09981522267496,20.777027363623986,0.7647598992005668,6.355140858536646
534,53.13484333041216,21.3880064409951,40.57257848539746,6.595847652760476
535,52.22684810559442,24.44217256776619,136.85163200339764,6.538915919566793
536,48.797706078883245,23.85050432251968,245.2217431603194,6.643015563655988
537,47.314225318082165,24.777607465053908,378.3021532869566,6.454269834491321
538,45.63674909661507,26.2166585301959,442.936000004178,6.5044267973349115
539,44.46348407393555,26.032730258979853,506.9644922730714,6.450809755249379
540,42.45214002980272,25.449025866861668,474.91402274128495,6.35290912428124
541,41.27868168754055,24.09925045947702,500.90423708227684,6.627487504127872
542,39.860961877087384,27.152210080806253,438.3833816215155,6.651300926600399
543,39.751778955926355,25.993084982463603,367.64352138976824,6.578905668737552
544,37.304515452576815,24.04583228356241,271.48494467889316,6.652618631736166
545,35.61921824424925,22.65168180649069,135.34103345407576,6.546318479526758
546,34.75239732442151,23.153373408760043,15.682551817294069,6.53105912588727
547,32.64106666638203,21.283065459547363,36.1861269946622,6.478195410460763
548,31.239811488812684,19.19355561831044,0.0,6.43126156879093
549,30.330578979894202,19.893394614283128,0.0,6.6519283923641765
550,74.23482697575942,19.21951856651554,0.0,6.5890247500836505
551,71.3737519714016,19.020345278686055,0.0,6.439043217116402
552,70.64231730460699,16.906289754831803,16.963484253333363,6.376747668523149
553,70.04000605991288,18.743933870506158,0.0,6.6434734979664345
554,69.45730988080922,17.2840561677726,1.9068839888261642,6.473655178391775
555,69.30502348100532,18.937765065732393,0.0,6.56446282463177
556,68.98510976213454,20.489975035210882,0.0,6.47559195263258
557,69.67748092986687,20.486668910976345,0.0,6.564053359163103
558,69.1452089146802,23.063146655628326,7.736170413784053,6.609098042518597
559,69.0485740265765,23.299734894510433,162.08848622173335,6.675477554484658
560,67.206480633797,25.250730687065687,233.63142668115995,6.653236772467811
561,67.18124678710667,24.955754281011878,349.42377088973683,6.5560481398804935
562,66.77907733771602,26.172286801528948,421.16558277917824,6.512354769595558
563,67.01382803782839,26.800599809983417,494.1287466396501,6.483962899941755
564,68.30905819612241,26.002956537478276,520.2292607081671,6.634147591553088
565,67.93787163767956,25.04612401684364,458.8429091230848,6.537349326940173
566,68.71979360380844,25.039324896888182,426.3099462687903,6.534233783448962
567,68.723727739814,25.893120869039926,370.48375242782055,6.549976643849602
568,67.46443147363296,24.446511611614806,199.4087984461139,6.4703392540930205
569,65.15601215437876,23.466314707425493,132.43173129695668,6.576527643836476
570,63.59736640475249,21.879329830746645,0.0,6.4548340523840375
571,63.944372295336315,21.173737166895435,6.638851133337278,6.57991788199054
572,63.8626700480852,19.356547392272006,17.907108615251992,6.436842227083467
573,62.65408607898908,19.231393889591388,23.84993118062942,6.487988635678863
574,61.57526236650323,18.378725118119768,0.0,6.425342165345976
575,60.34462520894,17.572401931791333,0.0,6.4769089746318445
576,59.48746734962686,17.806802043303378,0.0,6.547944151808607
577,58.0964042220866,18.97781274065621,0.0,6.423881361518553
578,56.696729177664906,17.49900505346233,0.0,6.518142662011397
579,55.60681773901372,19.437225074585335,17.62366686084013,6.46197584440698
580,54.9204532574955,19.321257092647347,11.462556264824002,6.321413350806589
581,53.85306622937196,20.11430942632832,0.0,6.50180416486341
582,52.633603496753906,20.57900293322684,0.0,6.416694394299924
583,50.64127948158088,21.177711046536636,140.24636433798673,6.664115953909158
584,49.95613387172209,24.294986517854017,257.875945964325,6.307232742065439
585,47.43166562097086,24.428919685873094,387.6073203602325,6.4925255831849835
586,47.685988265752286,25.414498407644928,452.041687433381,6.463349297963195
587,46.25302111125307,24.292269287367784,473.1316899725725,6.534494500154628
588,47.46073848495406,27.30076713228965,544.3756046689626,6.484095478959995
589,44.634236060586645,26.554736764812006,465.11640534076525,6.540208825820294
590,42.97449181700847,24.794291670297994,420.855196678703,6.446087729685102
591,42.029162313664116,24.675754069831513,354.90326421821925,6.54450864713534
592,42.604120343303954,23.589442908389284,235.64162218504794,6.4769475374819745
593,41.948896040763486,23.409928648361394,139.80950406721672,6.402216279962872
594,41.6369990850296,21.753753223088893,0.0,6.411331907771654
595,41.43253049899931,21.264897385315646,27.080382847430464,6.568889093249163
596,38.69345491297275,19.532305815474242,0.0,6.409031658301816
597,36.61651930774167,18.58525856667203,0.0,6.58899875622171
598,35.04335471694468,18.90204765370509,0.0,6.450026982384837
599,35.11810633817857,17.84402793243375,0.0,6.388999642811408
600,34.87573279735075,18.17231720436503,10.165372793491791,6.892623770643633
601,34.381826074339884,17.72658010896522,23.99276158371828,6.478134558850409
602,33.6756342443268,18.19650931814381,0.0,6.532950873557301
603,31.75271995114859,18.734565644752976,24.42471320133921,6.451284197735429
604,30.325291287227795,20.286762894567698,0.0,6.575792184992362
605,73.31115937711573,21.499647663396242,1.961350790778891,6.629587178186301
606,71.33318730936814,21.03624537373751,10.108085468619944,6.519584524701068
607,72.14580895950125,23.823635928902256,146.7926144011983,6.454446047397613
608,71.02998914338033,24.426720680990048,230.7462593578409,6.401901280167108
609,70.44267561546408,26.006563665346977,341.4737780738892,6.477045134463966
610,68.67970059987431,24.46299901799584,423.64402492661196,6.3845305257367135
611,67.57512706598048,24.945550193303742,484.6671021372122,6.200886402909927
612,68.90410599234092,25.70218201257152,516.4949801314459,6.581600684877443
613,66.87729835882199,27.26159386348872,501.60674442974187,6.4763444712781055
614,65.21157551830748,25.93924300267587,410.92447634198766,6.592397045858441
615,63.991987977169025,23.98318101053799,378.0150519351803,6.4741145599630165
616,63.60141101213096,25.370134170270855,248.7467095293487,6.3149368358305145
617,61.433153903521124,24.62509697979473,147.63677699475497,6.510575379127148
618,61.441375101771456,23.001165137451412,38.18837304586994,6.580988932166112
619,58.38810119895913,20.196686783366346,0.0,6.5093372374276655
620,56.2831474100045,19.922305439139887,2.978201516927439,6.432055907706829
621,55.11631759415521,19.00180569933289,0.0,6.507748051851887
622,52.69946299793059,19.001693966913255,0.0,6.545065555533466
623,51.43833866919519,19.646446820715877,11.131062490675163,6.366451843090011
624,48.81993544986696,18.822923503564713,8.59126000406959,6.54333886157339
625,46.55542148316031,17.01860214675333,0.0,6.603837885101932
626,45.77808448681413,17.854802024612,24.676344641785875,6.49353324700096
627,46.257107540106894,18.801043785585488,0.0,6.615390073425575
628,45.708745706396094,19.850557286991197,6.7214233585133805,6.695717453363963
629,42.687759292198606,20.43812508972284,9.070174251089348,6.401770596574532
630,42.940073724897424,22.399268452372755,0.0,6.4293439421166525
631,42.93393140932215,23.16085454918483,117.67889715998167,6.522421640429079
632,39.893968357002166,24.915069381136313,258.0660078049056,6.542761728158478
633,37.41046363966848,24.260874322804156,347.7824166757597,6.421624647887557
634,37.65463743418432,26.493379510655853,429.70213886515273,6.432061543019365
635,37.290311828217135,25.597414981650264,481.09517596653524,6.447066788755163
636,36.77521016538494,26.814525798119,500.28488328027424,6.342364829110056
637,48.345228854541126,26.417881509249764,457.5763032136002,6.67025146581296
638,36.50644511396314,25.74485561905432,465.540310005592,6.449738038616824
639,35.415998050711735,24.62960423028663,377.5640237627512,6.514035986984805
640,35.21693085150337,23.82928622511428,263.09353234964624,6.452673495316695
641,32.28180841495534,23.15014652961421,93.04993804351743,6.575971229548417
642,33.25017255962737,21.44627823033849,26.16023831323562,6.382118335977521
643,31.815225269717953,21.428609647826022,0.0,6.585555565902071
644,30.398327485165424,19.730897069511677,25.647269482312076,6.608773984323375
645,79.52144847268147,18.25007816758439,0.0,6.397142347449387
646,77.31320608704098,18.309387267467233,0.0,6.379052306458119
647,75.21545217307956,17.956500198431737,0.0,6.534435576928796
648,74.97284700539848,17.71357649620241,0.0,6.573965315172467
649,74.50570565864926,17.720316624117707,0.0,6.491847717318065
650,73.33321911211526,18.50584186887866,0.0,6.649493822745324
651,70.12559234427444,19.44433502743111,0.0,6.593442778323131
652,69.56811982808337,18.298218063718803,0.0,6.439717934421604
653,67.64493918968657,21.488756310615347,12.713231935019211,6.445125086658518
654,66.10387540095991,21.282686218147834,16.83967390904254,6.463079279955255
655,52.685887258450805,22.415248828871103,129.19076581093648,6.434251506203365
656,64.21705915244263,22.694979347631243,225.25146723554852,6.510940847183297
657,63.75350534363323,25.399882273445115,350.11443189504826,6.483033184121878
658,61.83096830765533,24.06263856973638,425.2142277610304,6.515805348992013
659,62.86409173462574,25.176103273316134,493.4667209512887,6.386219284034636
660,61.10204657775872,25.398051810117572,470.66429618768643,6.449859785311436
661,60.44618001886492,26.642100541422675,475.45303541748984,6.618235284409178
662,59.0096639190386,26.528561538368987,409.07692896369315,6.589369768938911
663,59.03365798525018,25.7207737626511,374.60922173132803,6.522374831957431
664,60.52587030016954,23.505886658453043,219.2991950493528,6.311998996609224
665,60.84019191471754,23.203046819767977,147.97042397137437,6.554282835127068
666,58.83168484134873,21.458403889233175,0.0,6.583019181186261
667,57.01301659019582,21.680502631307625,18.03246752118728,6.668844215574613
668,56.645488467318614,21.425439127016848,0.0,6.447555186373735
669,56.105816291968196,18.34176028248363,12.372602402194836,6.36837299589259
670,55.14248904850067,17.745599712141647,0.0,6.624961890529667
671,53.95493957892979,18.563084756303347,0.0,6.4977422058905585
672,52.30248844024051,19.52913526971178,0.0,6.518947982122108
673,51.72566701083831,18.198012523550226,32.443862030988576,6.695114204829779
674,49.05678921675235,19.382881208769348,0.0,6.577192015483668
675,47.41583318530906,20.000890338789212,38.031185102273405,6.524481937389454
676,46.65422924275009,20.84649466006972,7.352396804194218,6.514808941979828
677,46.51105155243064,20.05457385434933,24.25216474840913,6.673483189122723
678,45.09019373422742,22.938205476213955,13.308336473835574,6.694121743646375
679,43.487273359837424,23.26498286370847,160.11249695141134,6.434304482360159
680,41.29117837526363,25.084354240884398,273.40397418393206,6.513429649724779
681,40.441954482790266,27.041210816297607,355.53615738163626,6.415828805396199
682,38.00048218138301,26.666837477880954,426.4103000128903,6.478833301806882
683,37.15405141237109,26.08349682735335,504.34210385003695,6.509118827384378
684,36.93544789796859,26.270418784881368,475.8595670428557,6.392468760695076
685,37.23870019487857,26.77718590100505,467.1169453004521,6.460090114617907
686,36.32292891381768,24.64349946822553,455.02912986067145,6.606137096487314
687,35.06933765459899,25.695099475075246,368.45400185152977,6.643944571515314
688,36.468744764338425,23.188192405451318,242.77074466612027,6.541644603810146
689,38.397881300342064,22.521520458382668,112.34345641473385,6.508528423349335
690,38.03698584536235,21.2767453682112,0.0,6.525797598122118
691,38.87007597423456,20.94914886032824,0.0,6.392060754290065
692,39.346277049425865,20.459256976715203,27.99189290291587,6.365787225151489
693,38.978834474291446,18.43538205143271,0.0,6.580892472227901
694,36.541126076546924,19.519898843037566,0.0,6.662846855477232
695,33.02862235037627,17.19354441735569,4.3605018426513,6.402118575391886
696,30.965489130023382,17.867494871745894,1.571540594382996,6.287126590558519
697,28.238608735806434,17.587498261468188,0.0,6.476062314849108
698,72.80586211006988,17.64167531267267,39.8566525054006,6.4220704400478565
699,72.64489720644542,19.276425024226487,0.0,6.3804706236400754
700,69.74635245952192,21.192303576154384,0.0,6.46384114194244
701,69.3605755624155,20.382106057664625,43.30112135613205,6.6190548594343595
702,66.14261425069094,22.735762651267443,3.697357677052694,6.639073248759154
703,66.4249700905577,23.146524499332816,97.86959290744043,6.419717555604916
704,65.55981205354061,23.0805027118273,234.87353150742848,6.517255019180419
705,64.62583270635132,26.019717611408822,398.9823855017297,6.459560257681604
706,62.59045003671379,26.183020382085672,444.20424312242864,6.418646965063377
707,62.486139907435835,23.837906436980525,496.6043029457868,6.512617790366197
708,62.693051808339135,25.933295884449226,488.2018140426849,6.5844283228097416
709,64.05242545278999,25.19805426127639,471.9606074858034,6.485297457656915
710,62.71862940208921,26.110057389544433,427.14459157537846,6.355058027082258
711,62.59611034967026,25.162991729456568,318.0331555123057,6.606394098756086
712,62.56549964168286,24.1703599789373,274.8229468775745,6.557368703000256
713,61.98918728448288,22.95694398325576,174.85821696019815,6.588903712227989
714,62.37162737781079,23.548256269278724,28.007995895905708,6.555422470394604
715,60.389201466265305,20.051917011787726,0.0,6.419503351914744
716,60.863078639234594,19.561466915224603,0.0,6.486414528361175
717,57.03583650830323,20.813950494855142,21.77539308433344,6.462369927507501
718,55.6628374610265,18.543470540080392,2.530464100361101,6.426544190313453
719,54.7535127643852,18.955121210192,3.505735578678477,6.366327456112407
